DATABASE_NAME,SCHEMA_NAME,TABLE_NAME,COLUMN_NAME,ORDINAL_POSITION,DATA_TYPE
DATA_LAB_NCL_TRAINING_TEMP,CODESETS,BNF_LATEST,PRESENTATION_PACK_LEVEL,1,TEXT
DATA_LAB_NCL_TRAINING_TEMP,CODESETS,BNF_LATEST,VMP_VMPP_AMP_AMPP,2,TEXT
DATA_LAB_NCL_TRAINING_TEMP,CODESETS,BNF_LATEST,BNF_CODE,3,TEXT
DATA_LAB_NCL_TRAINING_TEMP,CODESETS,BNF_LATEST,BNF_NAME,4,TEXT
DATA_LAB_NCL_TRAINING_TEMP,CODESETS,BNF_LATEST,SNOMED_CODE,5,TEXT
DATA_LAB_NCL_TRAINING_TEMP,CODESETS,BNF_LATEST,DM_D_PRODUCT_DESCRIPTION,6,TEXT
DATA_LAB_NCL_TRAINING_TEMP,CODESETS,BNF_LATEST,STRENGTH,7,TEXT
DATA_LAB_NCL_TRAINING_TEMP,CODESETS,BNF_LATEST,UNIT_OF_MEASURE,8,TEXT
DATA_LAB_NCL_TRAINING_TEMP,CODESETS,BNF_LATEST,DM_D_PRODUCT_PACK_DESCRIPTION,9,TEXT
DATA_LAB_NCL_TRAINING_TEMP,CODESETS,BNF_LATEST,PACK,10,TEXT
DATA_LAB_NCL_TRAINING_TEMP,CODESETS,BNF_LATEST,SUB_PACK,11,TEXT
DATA_LAB_NCL_TRAINING_TEMP,CODESETS,BNF_LATEST,VTM,12,TEXT
DATA_LAB_NCL_TRAINING_TEMP,CODESETS,BNF_LATEST,VTM_NAME,13,TEXT
DATA_LAB_NCL_TRAINING_TEMP,CODESETS,CHILDHOOD_IMMS_CODES,VACCINE,1,TEXT
DATA_LAB_NCL_TRAINING_TEMP,CODESETS,CHILDHOOD_IMMS_CODES,DOSE,2,TEXT
DATA_LAB_NCL_TRAINING_TEMP,CODESETS,CHILDHOOD_IMMS_CODES,PROPOSEDCLUSTER,3,TEXT
DATA_LAB_NCL_TRAINING_TEMP,CODESETS,CHILDHOOD_IMMS_CODES,SOURCECLUSTERID,4,TEXT
DATA_LAB_NCL_TRAINING_TEMP,CODESETS,CHILDHOOD_IMMS_CODES,SOURCECLUSTERDESCRIPTION,5,TEXT
DATA_LAB_NCL_TRAINING_TEMP,CODESETS,CHILDHOOD_IMMS_CODES,SNOMEDCONCEPTID,6,NUMBER
DATA_LAB_NCL_TRAINING_TEMP,CODESETS,CHILDHOOD_IMMS_CODES,CODEDESCRIPTION,7,TEXT
DATA_LAB_NCL_TRAINING_TEMP,CODESETS,CHILDHOOD_IMMS_CODES,SOURCE,8,TEXT
DATA_LAB_NCL_TRAINING_TEMP,CODESETS,CODESET_HISTORY,HISTORY_ID,1,NUMBER
DATA_LAB_NCL_TRAINING_TEMP,CODESETS,CODESET_HISTORY,FILE_TYPE,2,TEXT
DATA_LAB_NCL_TRAINING_TEMP,CODESETS,CODESET_HISTORY,FILENAME,3,TEXT
DATA_LAB_NCL_TRAINING_TEMP,CODESETS,CODESET_HISTORY,PROCESSED_DATE,4,TIMESTAMP_NTZ
DATA_LAB_NCL_TRAINING_TEMP,CODESETS,CODESET_HISTORY,FILE_DATE,5,TEXT
DATA_LAB_NCL_TRAINING_TEMP,CODESETS,CODESET_HISTORY,ROW_COUNT,6,NUMBER
DATA_LAB_NCL_TRAINING_TEMP,CODESETS,CODESET_HISTORY,EFFECTIVE_FROM,7,DATE
DATA_LAB_NCL_TRAINING_TEMP,CODESETS,CODESET_HISTORY,EFFECTIVE_TO,8,DATE
DATA_LAB_NCL_TRAINING_TEMP,CODESETS,CODESET_HISTORY,IS_CURRENT,9,BOOLEAN
DATA_LAB_NCL_TRAINING_TEMP,CODESETS,CODESET_HISTORY,ARCHIVE_PATH,10,TEXT
DATA_LAB_NCL_TRAINING_TEMP,CODESETS,CODESET_HISTORY,HASH_VALUE,11,TEXT
DATA_LAB_NCL_TRAINING_TEMP,CODESETS,CODESET_METADATA,FILE_TYPE,1,TEXT
DATA_LAB_NCL_TRAINING_TEMP,CODESETS,CODESET_METADATA,LATEST_FILE_NAME,2,TEXT
DATA_LAB_NCL_TRAINING_TEMP,CODESETS,CODESET_METADATA,PROCESSED_DATE,3,TIMESTAMP_NTZ
DATA_LAB_NCL_TRAINING_TEMP,CODESETS,CODESET_METADATA,FILE_DATE,4,TEXT
DATA_LAB_NCL_TRAINING_TEMP,CODESETS,CODESET_METADATA,ROW_COUNT,5,NUMBER
DATA_LAB_NCL_TRAINING_TEMP,CODESETS,COMBINED_CODESETS,CLUSTER_ID,1,TEXT
DATA_LAB_NCL_TRAINING_TEMP,CODESETS,COMBINED_CODESETS,CLUSTER_DESCRIPTION,2,TEXT
DATA_LAB_NCL_TRAINING_TEMP,CODESETS,COMBINED_CODESETS,CODE,3,TEXT
DATA_LAB_NCL_TRAINING_TEMP,CODESETS,COMBINED_CODESETS,CODE_DESCRIPTION,4,TEXT
DATA_LAB_NCL_TRAINING_TEMP,CODESETS,COMBINED_CODESETS,SOURCE,5,TEXT
DATA_LAB_NCL_TRAINING_TEMP,CODESETS,DYNAMIC_TABLE_REFRESH_HISTORY,TABLE_NAME,1,TEXT
DATA_LAB_NCL_TRAINING_TEMP,CODESETS,DYNAMIC_TABLE_REFRESH_HISTORY,REFRESH_START_TIME,2,TIMESTAMP_LTZ
DATA_LAB_NCL_TRAINING_TEMP,CODESETS,DYNAMIC_TABLE_REFRESH_HISTORY,REFRESH_END_TIME,3,TIMESTAMP_LTZ
DATA_LAB_NCL_TRAINING_TEMP,CODESETS,DYNAMIC_TABLE_REFRESH_HISTORY,REFRESH_DURATION_MS,4,NUMBER
DATA_LAB_NCL_TRAINING_TEMP,CODESETS,DYNAMIC_TABLE_REFRESH_HISTORY,CREDITS_USED,5,FLOAT
DATA_LAB_NCL_TRAINING_TEMP,CODESETS,DYNAMIC_TABLE_REFRESH_HISTORY,ROWS_PROCESSED,6,NUMBER
DATA_LAB_NCL_TRAINING_TEMP,CODESETS,DYNAMIC_TABLE_REFRESH_HISTORY,NEW_DATA_DETECTED,7,BOOLEAN
DATA_LAB_NCL_TRAINING_TEMP,CODESETS,DYNAMIC_TABLE_REFRESH_HISTORY,REFRESH_STATUS,8,TEXT
DATA_LAB_NCL_TRAINING_TEMP,CODESETS,DYNAMIC_TABLE_REFRESH_HISTORY,REFRESH_ACTION,9,TEXT
DATA_LAB_NCL_TRAINING_TEMP,CODESETS,DYNAMIC_TABLE_REFRESH_HISTORY,REFRESH_TRIGGER,10,TEXT
DATA_LAB_NCL_TRAINING_TEMP,CODESETS,DYNAMIC_TABLE_REFRESH_HISTORY,STATISTICS,11,OBJECT
DATA_LAB_NCL_TRAINING_TEMP,CODESETS,EFI2_SNOMED,DEFICIT,1,TEXT
DATA_LAB_NCL_TRAINING_TEMP,CODESETS,EFI2_SNOMED,SNOMEDCT_CONCEPTID,2,TEXT
DATA_LAB_NCL_TRAINING_TEMP,CODESETS,EFI2_SNOMED,CTV3,3,TEXT
DATA_LAB_NCL_TRAINING_TEMP,CODESETS,EFI2_SNOMED,PROVENANCE,4,TEXT
DATA_LAB_NCL_TRAINING_TEMP,CODESETS,EFI2_SNOMED,CODEDESCRIPTION,5,TEXT
DATA_LAB_NCL_TRAINING_TEMP,CODESETS,EFI2_SNOMED,TIMECONSTRAINTYEARS,6,NUMBER
DATA_LAB_NCL_TRAINING_TEMP,CODESETS,EFI2_SNOMED,AGELIMIT,7,NUMBER
DATA_LAB_NCL_TRAINING_TEMP,CODESETS,EFI2_SNOMED,OTHERINSTRUCTIONS,8,TEXT
DATA_LAB_NCL_TRAINING_TEMP,CODESETS,ETHNICITY_CODES,CODE,1,TEXT
DATA_LAB_NCL_TRAINING_TEMP,CODESETS,ETHNICITY_CODES,TERM,2,TEXT
DATA_LAB_NCL_TRAINING_TEMP,CODESETS,ETHNICITY_CODES,CATEGORY,3,TEXT
DATA_LAB_NCL_TRAINING_TEMP,CODESETS,ETHNICITY_CODES,SUBCATEGORY,4,TEXT
DATA_LAB_NCL_TRAINING_TEMP,CODESETS,ETHNICITY_CODES,GRANULAR,5,TEXT
DATA_LAB_NCL_TRAINING_TEMP,CODESETS,LTC_LCS_CODES,CLUSTER_ID,1,TEXT
DATA_LAB_NCL_TRAINING_TEMP,CODESETS,LTC_LCS_CODES,CLUSTER_DESCRIPTION,2,TEXT
DATA_LAB_NCL_TRAINING_TEMP,CODESETS,LTC_LCS_CODES,SNOMED_CODE,3,TEXT
DATA_LAB_NCL_TRAINING_TEMP,CODESETS,LTC_LCS_CODES,SNOMED_DESCRIPTION,4,TEXT
DATA_LAB_NCL_TRAINING_TEMP,CODESETS,MAPPED_CONCEPTS,SOURCE_CODE_ID,1,TEXT
DATA_LAB_NCL_TRAINING_TEMP,CODESETS,MAPPED_CONCEPTS,ORIGINATING_SOURCE_TABLE,2,TEXT
DATA_LAB_NCL_TRAINING_TEMP,CODESETS,MAPPED_CONCEPTS,CONCEPT_ID,3,TEXT
DATA_LAB_NCL_TRAINING_TEMP,CODESETS,MAPPED_CONCEPTS,CONCEPT_SYSTEM,4,TEXT
DATA_LAB_NCL_TRAINING_TEMP,CODESETS,MAPPED_CONCEPTS,CONCEPT_CODE,5,TEXT
DATA_LAB_NCL_TRAINING_TEMP,CODESETS,MAPPED_CONCEPTS,CONCEPT_DISPLAY,6,TEXT
DATA_LAB_NCL_TRAINING_TEMP,CODESETS,MAPPED_CONCEPTS,CLUSTER_ID,7,TEXT
DATA_LAB_NCL_TRAINING_TEMP,CODESETS,MAPPED_CONCEPTS,CLUSTER_DESCRIPTION,8,TEXT
DATA_LAB_NCL_TRAINING_TEMP,CODESETS,MAPPED_CONCEPTS,CODE_DESCRIPTION,9,TEXT
DATA_LAB_NCL_TRAINING_TEMP,CODESETS,MAPPED_CONCEPTS,SOURCE,10,TEXT
DATA_LAB_NCL_TRAINING_TEMP,CODESETS,PCD_REFSET_LATEST,CLUSTER_ID,1,TEXT
DATA_LAB_NCL_TRAINING_TEMP,CODESETS,PCD_REFSET_LATEST,CLUSTER_DESCRIPTION,2,TEXT
DATA_LAB_NCL_TRAINING_TEMP,CODESETS,PCD_REFSET_LATEST,SNOMED_CODE,3,NUMBER
DATA_LAB_NCL_TRAINING_TEMP,CODESETS,PCD_REFSET_LATEST,SNOMED_CODE_DESCRIPTION,4,TEXT
DATA_LAB_NCL_TRAINING_TEMP,CODESETS,PCD_REFSET_LATEST,PCD_REFSET_ID,5,TEXT
DATA_LAB_NCL_TRAINING_TEMP,CODESETS,PCD_REFSET_LATEST,SERVICE_AND_RULESET,6,TEXT
DATA_LAB_NCL_TRAINING_TEMP,CODESETS,SOURCE_CONCEPT_ORIGINS,SOURCE_CODE_ID_VALUE,1,TEXT
DATA_LAB_NCL_TRAINING_TEMP,CODESETS,SOURCE_CONCEPT_ORIGINS,ORIGINATING_SOURCE_TABLE,2,TEXT
DATA_LAB_NCL_TRAINING_TEMP,CODESETS,UKHSA_COVID_LATEST,CODING_SCHEME,1,TEXT
DATA_LAB_NCL_TRAINING_TEMP,CODESETS,UKHSA_COVID_LATEST,LIBRARY,2,TEXT
DATA_LAB_NCL_TRAINING_TEMP,CODESETS,UKHSA_COVID_LATEST,CLUSTER_ID,3,TEXT
DATA_LAB_NCL_TRAINING_TEMP,CODESETS,UKHSA_COVID_LATEST,CLUSTER_DESCRIPTION,4,TEXT
DATA_LAB_NCL_TRAINING_TEMP,CODESETS,UKHSA_COVID_LATEST,SNOMED_CODE,5,TEXT
DATA_LAB_NCL_TRAINING_TEMP,CODESETS,UKHSA_COVID_LATEST,SNOMED_DESCRIPTION,6,TEXT
DATA_LAB_NCL_TRAINING_TEMP,CODESETS,UKHSA_COVID_LATEST,CODE_VALIDATED,7,TEXT
DATA_LAB_NCL_TRAINING_TEMP,CODESETS,UKHSA_FLU_LATEST,CODING_SCHEME,1,TEXT
DATA_LAB_NCL_TRAINING_TEMP,CODESETS,UKHSA_FLU_LATEST,CODE_LIBRARY,2,TEXT
DATA_LAB_NCL_TRAINING_TEMP,CODESETS,UKHSA_FLU_LATEST,CODE_GROUP,3,TEXT
DATA_LAB_NCL_TRAINING_TEMP,CODESETS,UKHSA_FLU_LATEST,CODE_GROUP_DESCRIPTION,4,TEXT
DATA_LAB_NCL_TRAINING_TEMP,CODESETS,UKHSA_FLU_LATEST,SNOMED_CODE,5,TEXT
DATA_LAB_NCL_TRAINING_TEMP,CODESETS,UKHSA_FLU_LATEST,SNOMED_DESCRIPTION,6,TEXT
DATA_LAB_NCL_TRAINING_TEMP,CODESETS,UKHSA_FLU_LATEST,DATE_CREATED,7,TEXT
DATA_LAB_NCL_TRAINING_TEMP,CODESETS,UKHSA_FLU_LATEST,VALIDATED_SCTID,8,TEXT
DATA_LAB_NCL_TRAINING_TEMP,CODESETS,UKHSA_FLU_LATEST,EMIS_ASTRX,9,TEXT
DATA_LAB_NCL_TRAINING_TEMP,CODESETS,UKHSA_FLU_LATEST,UNNAMED_9,10,TEXT
DATA_LAB_NCL_TRAINING_TEMP,CODESETS,UKHSA_FLU_LATEST,TPP_ASTRX,11,TEXT
DATA_LAB_NCL_TRAINING_TEMP,CODESETS,VALPROATE_PROG_CODES,CODE,1,TEXT
DATA_LAB_NCL_TRAINING_TEMP,CODESETS,VALPROATE_PROG_CODES,CODE_CATEGORY,2,TEXT
DATA_LAB_NCL_TRAINING_TEMP,CODESETS,VALPROATE_PROG_CODES,LOOKBACK_YEARS_OFFSET,3,NUMBER
DATA_LAB_NCL_TRAINING_TEMP,CODESETS,VALPROATE_PROG_CODES,VALPROATE_PRODUCT_TERM,4,TEXT
DATA_LAB_NCL_TRAINING_TEMP,RULESETS,BP_THRESHOLDS,THRESHOLD_RULE_ID,1,TEXT
DATA_LAB_NCL_TRAINING_TEMP,RULESETS,BP_THRESHOLDS,PROGRAMME_OR_GUIDELINE,2,TEXT
DATA_LAB_NCL_TRAINING_TEMP,RULESETS,BP_THRESHOLDS,DESCRIPTION,3,TEXT
DATA_LAB_NCL_TRAINING_TEMP,RULESETS,BP_THRESHOLDS,PATIENT_GROUP,4,TEXT
DATA_LAB_NCL_TRAINING_TEMP,RULESETS,BP_THRESHOLDS,THRESHOLD_TYPE,5,TEXT
DATA_LAB_NCL_TRAINING_TEMP,RULESETS,BP_THRESHOLDS,SYSTOLIC_THRESHOLD,6,NUMBER
DATA_LAB_NCL_TRAINING_TEMP,RULESETS,BP_THRESHOLDS,DIASTOLIC_THRESHOLD,7,NUMBER
DATA_LAB_NCL_TRAINING_TEMP,RULESETS,BP_THRESHOLDS,OPERATOR,8,TEXT
DATA_LAB_NCL_TRAINING_TEMP,RULESETS,BP_THRESHOLDS,NOTES,9,TEXT
DATA_LAB_NCL_TRAINING_TEMP,RULESETS,EFI2_COEFFICIENTS,MODEL_NAME,1,TEXT
DATA_LAB_NCL_TRAINING_TEMP,RULESETS,EFI2_COEFFICIENTS,VARIABLE_NAME,2,TEXT
DATA_LAB_NCL_TRAINING_TEMP,RULESETS,EFI2_COEFFICIENTS,VARIABLE_CATEGORY,3,TEXT
DATA_LAB_NCL_TRAINING_TEMP,RULESETS,EFI2_COEFFICIENTS,COEFFICIENT,4,NUMBER
DATA_LAB_NCL_TRAINING_TEMP,RULESETS,EFI2_COEFFICIENTS,TRANSFORMED_COEFFICIENT,5,NUMBER
DATA_LAB_NCL_TRAINING_TEMP,RULESETS,EFI2_COEFFICIENTS,DESCRIPTION,6,TEXT
DATA_LAB_NCL_TRAINING_TEMP,RULESETS,EFI2_COEFFICIENTS,VARIABLE_TYPE,7,TEXT
DATA_LAB_NCL_TRAINING_TEMP,RULESETS,EFI2_COEFFICIENTS,MODEL_DESCRIPTION,8,TEXT
DATA_LAB_NCL_TRAINING_TEMP,RULESETS,EFI2_RULES,CODE,1,TEXT
DATA_LAB_NCL_TRAINING_TEMP,RULESETS,EFI2_RULES,DEFICIT,2,TEXT
DATA_LAB_NCL_TRAINING_TEMP,RULESETS,EFI2_RULES,DEFICIT_TYPE,3,TEXT
DATA_LAB_NCL_TRAINING_TEMP,RULESETS,EFI2_RULES,TIME_CONSTRAINT_DAYS,4,NUMBER
DATA_LAB_NCL_TRAINING_TEMP,RULESETS,EFI2_RULES,TIME_CONSTRAINT_TYPE,5,TEXT
DATA_LAB_NCL_TRAINING_TEMP,RULESETS,EFI2_RULES,TIME_CONSTRAINT_DESCRIPTION,6,TEXT
DATA_LAB_NCL_TRAINING_TEMP,RULESETS,EFI2_RULES,MIN_AGE,7,NUMBER
DATA_LAB_NCL_TRAINING_TEMP,RULESETS,EFI2_RULES,AGE_RESTRICTION_DESCRIPTION,8,TEXT
DATA_LAB_NCL_TRAINING_TEMP,RULESETS,EFI2_RULES,CATEGORY_NAME,9,TEXT
DATA_LAB_NCL_TRAINING_TEMP,RULESETS,EFI2_RULES,CATEGORY_ORDER,10,NUMBER
DATA_LAB_NCL_TRAINING_TEMP,RULESETS,EFI2_RULES,CATEGORY_RANGE_START,11,NUMBER
DATA_LAB_NCL_TRAINING_TEMP,RULESETS,EFI2_RULES,CATEGORY_RANGE_END,12,NUMBER
DATA_LAB_NCL_TRAINING_TEMP,RULESETS,EFI2_RULES,CATEGORY_DESCRIPTION,13,TEXT
DATA_LAB_NCL_TRAINING_TEMP,RULESETS,EFI2_RULES,THRESHOLD_VALUE,14,FLOAT
DATA_LAB_NCL_TRAINING_TEMP,RULESETS,EFI2_RULES,THRESHOLD_COMPARATOR,15,TEXT
DATA_LAB_NCL_TRAINING_TEMP,RULESETS,EFI2_RULES,THRESHOLD_DESCRIPTION,16,TEXT
DATA_LAB_NCL_TRAINING_TEMP,RULESETS,EFI2_RULES,THRESHOLD_UNIT,17,TEXT
DATA_LAB_NCL_TRAINING_TEMP,RULESETS,EFI2_RULES,THRESHOLD_TYPE,18,TEXT
DATA_LAB_NCL_TRAINING_TEMP,RULESETS,EFI2_RULES,READINGS_REQUIRED,19,NUMBER
DATA_LAB_NCL_TRAINING_TEMP,RULESETS,EFI2_RULES,READINGS_TIMEFRAME,20,TEXT
DATA_LAB_NCL_TRAINING_TEMP,RULESETS,EFI2_RULES,SUPERSEDES,21,TEXT
DATA_LAB_NCL_TRAINING_TEMP,RULESETS,EFI2_RULES,SUPERSEDED_BY,22,TEXT
DATA_LAB_NCL_TRAINING_TEMP,RULESETS,EFI2_RULES,HIERARCHY_LEVEL,23,NUMBER
DATA_LAB_NCL_TRAINING_TEMP,RULESETS,EFI2_RULES,RESOLUTION_TEST,24,TEXT
DATA_LAB_NCL_TRAINING_TEMP,RULESETS,EFI2_RULES,RESOLUTION_THRESHOLD,25,NUMBER
DATA_LAB_NCL_TRAINING_TEMP,RULESETS,EFI2_RULES,RESOLUTION_UNIT,26,TEXT
DATA_LAB_NCL_TRAINING_TEMP,RULESETS,EFI2_RULES,RESOLUTION_GENDER_SPECIFIC,27,BOOLEAN
DATA_LAB_NCL_TRAINING_TEMP,RULESETS,EFI2_RULES,RESOLUTION_MALE_THRESHOLD,28,NUMBER
DATA_LAB_NCL_TRAINING_TEMP,RULESETS,EFI2_RULES,RESOLUTION_FEMALE_THRESHOLD,29,NUMBER
DATA_LAB_NCL_TRAINING_TEMP,RULESETS,EFI2_RULES,VALIDATION_RULE,30,TEXT
DATA_LAB_NCL_TRAINING_TEMP,RULESETS,EFI2_RULES,VALIDATION_DESCRIPTION,31,TEXT
DATA_LAB_NCL_TRAINING_TEMP,RULESETS,EFI2_RULES,EFI2_COEFFICIENT,32,NUMBER
DATA_LAB_NCL_TRAINING_TEMP,RULESETS,EFI2_RULES,EFI2_TRANSFORMED_COEFFICIENT,33,NUMBER
DATA_LAB_NCL_TRAINING_TEMP,RULESETS,EFI2_RULES,EFI_PLUS_FALLS_COEFFICIENT,34,NUMBER
DATA_LAB_NCL_TRAINING_TEMP,RULESETS,EFI2_RULES,EFI_PLUS_CARE_HOME_COEFFICIENT,35,NUMBER
DATA_LAB_NCL_TRAINING_TEMP,RULESETS,EFI2_RULES,EFI_PLUS_MORTALITY_COEFFICIENT,36,NUMBER
DATA_LAB_NCL_TRAINING_TEMP,RULESETS,EFI2_RULES,EFI_PLUS_HOME_CARE_COEFFICIENT,37,NUMBER
DATA_LAB_NCL_TRAINING_TEMP,RULESETS,EFI2_RULES,SOURCE_INSTRUCTION,38,TEXT
DATA_LAB_NCL_TRAINING_TEMP,RULESETS,EFI2_RULES,RULE_PRIORITY,39,NUMBER
DATA_LAB_NCL_TRAINING_TEMP,RULESETS,IMMS_SCHEDULE_LATEST,VACCINE_ORDER,1,NUMBER
DATA_LAB_NCL_TRAINING_TEMP,RULESETS,IMMS_SCHEDULE_LATEST,VACCINE_ID,2,TEXT
DATA_LAB_NCL_TRAINING_TEMP,RULESETS,IMMS_SCHEDULE_LATEST,VACCINE_NAME,3,TEXT
DATA_LAB_NCL_TRAINING_TEMP,RULESETS,IMMS_SCHEDULE_LATEST,DOSE_NUMBER,4,TEXT
DATA_LAB_NCL_TRAINING_TEMP,RULESETS,IMMS_SCHEDULE_LATEST,DISEASES_PROTECTED_AGAINST,5,TEXT
DATA_LAB_NCL_TRAINING_TEMP,RULESETS,IMMS_SCHEDULE_LATEST,VACCINE_CODE,6,TEXT
DATA_LAB_NCL_TRAINING_TEMP,RULESETS,IMMS_SCHEDULE_LATEST,TRADE_NAME,7,TEXT
DATA_LAB_NCL_TRAINING_TEMP,RULESETS,IMMS_SCHEDULE_LATEST,ADMINISTRATION_ROUTE,8,TEXT
DATA_LAB_NCL_TRAINING_TEMP,RULESETS,IMMS_SCHEDULE_LATEST,SCHEDULE_AGE,9,TEXT
DATA_LAB_NCL_TRAINING_TEMP,RULESETS,IMMS_SCHEDULE_LATEST,MINIMUM_AGE_DAYS,10,NUMBER
DATA_LAB_NCL_TRAINING_TEMP,RULESETS,IMMS_SCHEDULE_LATEST,MAXIMUM_AGE_DAYS,11,NUMBER
DATA_LAB_NCL_TRAINING_TEMP,RULESETS,IMMS_SCHEDULE_LATEST,MINIMUM_INTERVAL_DAYS,12,NUMBER
DATA_LAB_NCL_TRAINING_TEMP,RULESETS,IMMS_SCHEDULE_LATEST,NEXT_DOSE_VACCINE_ID,13,TEXT
DATA_LAB_NCL_TRAINING_TEMP,RULESETS,IMMS_SCHEDULE_LATEST,ELIGIBLE_AGE_FROM_DAYS,14,NUMBER
DATA_LAB_NCL_TRAINING_TEMP,RULESETS,IMMS_SCHEDULE_LATEST,ELIGIBLE_AGE_TO_DAYS,15,NUMBER
DATA_LAB_NCL_TRAINING_TEMP,RULESETS,IMMS_SCHEDULE_LATEST,ADMINISTERED_CLUSTER_ID,16,TEXT
DATA_LAB_NCL_TRAINING_TEMP,RULESETS,IMMS_SCHEDULE_LATEST,DRUG_CLUSTER_ID,17,TEXT
DATA_LAB_NCL_TRAINING_TEMP,RULESETS,IMMS_SCHEDULE_LATEST,DECLINED_CLUSTER_ID,18,TEXT
DATA_LAB_NCL_TRAINING_TEMP,RULESETS,IMMS_SCHEDULE_LATEST,CONTRAINDICATED_CLUSTER_ID,19,TEXT
DATA_LAB_NCL_TRAINING_TEMP,RULESETS,IMMS_SCHEDULE_LATEST,INCOMPATIBLE_CLUSTER_IDS,20,TEXT
DATA_LAB_NCL_TRAINING_TEMP,RULESETS,IMMS_SCHEDULE_LATEST,INELIGIBILITY_PERIOD_MONTHS,21,NUMBER
DATA_LAB_NCL_TRAINING_TEMP,RULESETS,IMMS_SCHEDULE_LATEST,INCOMPATIBLE_EXPLANATION,22,TEXT
Data_Store_OLIDS_Dummy,OLIDS_MASKED,ALLERGY_INTOLERANCE,lds_id,1,TEXT
Data_Store_OLIDS_Dummy,OLIDS_MASKED,ALLERGY_INTOLERANCE,id,2,TEXT
Data_Store_OLIDS_Dummy,OLIDS_MASKED,ALLERGY_INTOLERANCE,lds_business_key,3,TEXT
Data_Store_OLIDS_Dummy,OLIDS_MASKED,ALLERGY_INTOLERANCE,lds_dataset_id,4,TEXT
Data_Store_OLIDS_Dummy,OLIDS_MASKED,ALLERGY_INTOLERANCE,record_owner_organisation_code,5,TEXT
Data_Store_OLIDS_Dummy,OLIDS_MASKED,ALLERGY_INTOLERANCE,lds_datetime_data_acquired,6,TIMESTAMP_NTZ
Data_Store_OLIDS_Dummy,OLIDS_MASKED,ALLERGY_INTOLERANCE,lds_initial_data_received_date,7,TIMESTAMP_NTZ
Data_Store_OLIDS_Dummy,OLIDS_MASKED,ALLERGY_INTOLERANCE,lds_start_date_time,8,TIMESTAMP_NTZ
Data_Store_OLIDS_Dummy,OLIDS_MASKED,ALLERGY_INTOLERANCE,person_id,9,TEXT
Data_Store_OLIDS_Dummy,OLIDS_MASKED,ALLERGY_INTOLERANCE,patient_id,10,TEXT
Data_Store_OLIDS_Dummy,OLIDS_MASKED,ALLERGY_INTOLERANCE,practitioner_id,11,TEXT
Data_Store_OLIDS_Dummy,OLIDS_MASKED,ALLERGY_INTOLERANCE,encounter_id,12,TEXT
Data_Store_OLIDS_Dummy,OLIDS_MASKED,ALLERGY_INTOLERANCE,clinical_status,13,TEXT
Data_Store_OLIDS_Dummy,OLIDS_MASKED,ALLERGY_INTOLERANCE,verification_status,14,TEXT
Data_Store_OLIDS_Dummy,OLIDS_MASKED,ALLERGY_INTOLERANCE,category,15,TEXT
Data_Store_OLIDS_Dummy,OLIDS_MASKED,ALLERGY_INTOLERANCE,clinical_effective_date,16,TIMESTAMP_NTZ
Data_Store_OLIDS_Dummy,OLIDS_MASKED,ALLERGY_INTOLERANCE,date_precision_concept_id,17,TEXT
Data_Store_OLIDS_Dummy,OLIDS_MASKED,ALLERGY_INTOLERANCE,is_review,18,BOOLEAN
Data_Store_OLIDS_Dummy,OLIDS_MASKED,ALLERGY_INTOLERANCE,medication_name,19,TEXT
Data_Store_OLIDS_Dummy,OLIDS_MASKED,ALLERGY_INTOLERANCE,multi_lex_action,20,TEXT
Data_Store_OLIDS_Dummy,OLIDS_MASKED,ALLERGY_INTOLERANCE,allergy_intolerance_core_concept_id,21,TEXT
Data_Store_OLIDS_Dummy,OLIDS_MASKED,ALLERGY_INTOLERANCE,allergy_intolerance_raw_concept_id,22,TEXT
Data_Store_OLIDS_Dummy,OLIDS_MASKED,ALLERGY_INTOLERANCE,age_at_event,23,NUMBER
Data_Store_OLIDS_Dummy,OLIDS_MASKED,ALLERGY_INTOLERANCE,age_at_event_baby,24,NUMBER
Data_Store_OLIDS_Dummy,OLIDS_MASKED,ALLERGY_INTOLERANCE,age_at_event_neonate,25,NUMBER
Data_Store_OLIDS_Dummy,OLIDS_MASKED,ALLERGY_INTOLERANCE,date_recorded,26,TIMESTAMP_NTZ
Data_Store_OLIDS_Dummy,OLIDS_MASKED,ALLERGY_INTOLERANCE,is_confidential,27,BOOLEAN
Data_Store_OLIDS_Dummy,OLIDS_MASKED,APPOINTMENT,lds_id,1,TEXT
Data_Store_OLIDS_Dummy,OLIDS_MASKED,APPOINTMENT,id,2,TEXT
Data_Store_OLIDS_Dummy,OLIDS_MASKED,APPOINTMENT,lds_business_key,3,TEXT
Data_Store_OLIDS_Dummy,OLIDS_MASKED,APPOINTMENT,lds_dataset_id,4,TEXT
Data_Store_OLIDS_Dummy,OLIDS_MASKED,APPOINTMENT,record_owner_organisation_code,5,TEXT
Data_Store_OLIDS_Dummy,OLIDS_MASKED,APPOINTMENT,lds_datetime_data_acquired,6,TIMESTAMP_NTZ
Data_Store_OLIDS_Dummy,OLIDS_MASKED,APPOINTMENT,lds_initial_data_received_date,7,TIMESTAMP_NTZ
Data_Store_OLIDS_Dummy,OLIDS_MASKED,APPOINTMENT,lds_start_date_time,8,TIMESTAMP_NTZ
Data_Store_OLIDS_Dummy,OLIDS_MASKED,APPOINTMENT,organisation_id,9,TEXT
Data_Store_OLIDS_Dummy,OLIDS_MASKED,APPOINTMENT,person_id,10,TEXT
Data_Store_OLIDS_Dummy,OLIDS_MASKED,APPOINTMENT,patient_id,11,TEXT
Data_Store_OLIDS_Dummy,OLIDS_MASKED,APPOINTMENT,practitioner_in_role_id,12,TEXT
Data_Store_OLIDS_Dummy,OLIDS_MASKED,APPOINTMENT,schedule_id,13,TEXT
Data_Store_OLIDS_Dummy,OLIDS_MASKED,APPOINTMENT,start_date,14,TIMESTAMP_NTZ
Data_Store_OLIDS_Dummy,OLIDS_MASKED,APPOINTMENT,planned_duration,15,NUMBER
Data_Store_OLIDS_Dummy,OLIDS_MASKED,APPOINTMENT,actual_duration,16,NUMBER
Data_Store_OLIDS_Dummy,OLIDS_MASKED,APPOINTMENT,appointment_status_concept_id,17,TEXT
Data_Store_OLIDS_Dummy,OLIDS_MASKED,APPOINTMENT,patient_wait,18,NUMBER
Data_Store_OLIDS_Dummy,OLIDS_MASKED,APPOINTMENT,patient_delay,19,NUMBER
Data_Store_OLIDS_Dummy,OLIDS_MASKED,APPOINTMENT,date_time_booked,20,TIMESTAMP_NTZ
Data_Store_OLIDS_Dummy,OLIDS_MASKED,APPOINTMENT,date_time_sent_in,21,TIMESTAMP_NTZ
Data_Store_OLIDS_Dummy,OLIDS_MASKED,APPOINTMENT,date_time_left,22,TIMESTAMP_NTZ
Data_Store_OLIDS_Dummy,OLIDS_MASKED,APPOINTMENT,cancelled_date,23,TIMESTAMP_NTZ
Data_Store_OLIDS_Dummy,OLIDS_MASKED,APPOINTMENT,type,24,TEXT
Data_Store_OLIDS_Dummy,OLIDS_MASKED,APPOINTMENT,age_at_event,25,NUMBER
Data_Store_OLIDS_Dummy,OLIDS_MASKED,APPOINTMENT,age_at_event_baby,26,NUMBER
Data_Store_OLIDS_Dummy,OLIDS_MASKED,APPOINTMENT,age_at_event_neonate,27,NUMBER
Data_Store_OLIDS_Dummy,OLIDS_MASKED,APPOINTMENT,booking_method_concept_id,28,TEXT
Data_Store_OLIDS_Dummy,OLIDS_MASKED,APPOINTMENT,contact_mode_concept_id,29,TEXT
Data_Store_OLIDS_Dummy,OLIDS_MASKED,APPOINTMENT_PRACTITIONER,lds_id,1,TEXT
Data_Store_OLIDS_Dummy,OLIDS_MASKED,APPOINTMENT_PRACTITIONER,id,2,TEXT
Data_Store_OLIDS_Dummy,OLIDS_MASKED,APPOINTMENT_PRACTITIONER,lds_business_key,3,TEXT
Data_Store_OLIDS_Dummy,OLIDS_MASKED,APPOINTMENT_PRACTITIONER,lds_dataset_id,4,TEXT
Data_Store_OLIDS_Dummy,OLIDS_MASKED,APPOINTMENT_PRACTITIONER,lds_record_id_user,5,TEXT
Data_Store_OLIDS_Dummy,OLIDS_MASKED,APPOINTMENT_PRACTITIONER,record_owner_organisation_code,6,TEXT
Data_Store_OLIDS_Dummy,OLIDS_MASKED,APPOINTMENT_PRACTITIONER,lds_datetime_data_acquired,7,TIMESTAMP_NTZ
Data_Store_OLIDS_Dummy,OLIDS_MASKED,APPOINTMENT_PRACTITIONER,lds_initial_data_received_date,8,TIMESTAMP_NTZ
Data_Store_OLIDS_Dummy,OLIDS_MASKED,APPOINTMENT_PRACTITIONER,lds_start_date_time,9,TIMESTAMP_NTZ
Data_Store_OLIDS_Dummy,OLIDS_MASKED,APPOINTMENT_PRACTITIONER,appointment_id,10,TEXT
Data_Store_OLIDS_Dummy,OLIDS_MASKED,APPOINTMENT_PRACTITIONER,practitioner_id,11,TEXT
Data_Store_OLIDS_Dummy,OLIDS_MASKED,APPOINTMENT_PRACTITIONER,lds_end_date_time,12,TIMESTAMP_NTZ
Data_Store_OLIDS_Dummy,OLIDS_MASKED,DIAGNOSTIC_ORDER,lds_id,1,TEXT
Data_Store_OLIDS_Dummy,OLIDS_MASKED,DIAGNOSTIC_ORDER,id,2,TEXT
Data_Store_OLIDS_Dummy,OLIDS_MASKED,DIAGNOSTIC_ORDER,lds_business_key,3,TEXT
Data_Store_OLIDS_Dummy,OLIDS_MASKED,DIAGNOSTIC_ORDER,lds_dataset_id,4,TEXT
Data_Store_OLIDS_Dummy,OLIDS_MASKED,DIAGNOSTIC_ORDER,lds_datetime_data_acquired,5,TIMESTAMP_NTZ
Data_Store_OLIDS_Dummy,OLIDS_MASKED,DIAGNOSTIC_ORDER,lds_initial_data_received_date,6,TIMESTAMP_NTZ
Data_Store_OLIDS_Dummy,OLIDS_MASKED,DIAGNOSTIC_ORDER,lds_start_date_time,7,TIMESTAMP_NTZ
Data_Store_OLIDS_Dummy,OLIDS_MASKED,DIAGNOSTIC_ORDER,record_owner_organisation_code,8,TEXT
Data_Store_OLIDS_Dummy,OLIDS_MASKED,DIAGNOSTIC_ORDER,person_id,9,TEXT
Data_Store_OLIDS_Dummy,OLIDS_MASKED,DIAGNOSTIC_ORDER,patient_id,10,TEXT
Data_Store_OLIDS_Dummy,OLIDS_MASKED,DIAGNOSTIC_ORDER,encounter_id,11,TEXT
Data_Store_OLIDS_Dummy,OLIDS_MASKED,DIAGNOSTIC_ORDER,practitioner_id,12,TEXT
Data_Store_OLIDS_Dummy,OLIDS_MASKED,DIAGNOSTIC_ORDER,parent_observation_id,13,TEXT
Data_Store_OLIDS_Dummy,OLIDS_MASKED,DIAGNOSTIC_ORDER,clinical_effective_date,14,TIMESTAMP_NTZ
Data_Store_OLIDS_Dummy,OLIDS_MASKED,DIAGNOSTIC_ORDER,date_precision_concept_id,15,TEXT
Data_Store_OLIDS_Dummy,OLIDS_MASKED,DIAGNOSTIC_ORDER,result_value,16,FLOAT
Data_Store_OLIDS_Dummy,OLIDS_MASKED,DIAGNOSTIC_ORDER,result_value_units,17,TEXT
Data_Store_OLIDS_Dummy,OLIDS_MASKED,DIAGNOSTIC_ORDER,result_date,18,DATE
Data_Store_OLIDS_Dummy,OLIDS_MASKED,DIAGNOSTIC_ORDER,result_text,19,TEXT
Data_Store_OLIDS_Dummy,OLIDS_MASKED,DIAGNOSTIC_ORDER,is_problem,20,BOOLEAN
Data_Store_OLIDS_Dummy,OLIDS_MASKED,DIAGNOSTIC_ORDER,is_review,21,BOOLEAN
Data_Store_OLIDS_Dummy,OLIDS_MASKED,DIAGNOSTIC_ORDER,problem_end_date,22,TIMESTAMP_NTZ
Data_Store_OLIDS_Dummy,OLIDS_MASKED,DIAGNOSTIC_ORDER,diagnostic_order_core_concept_id,23,TEXT
Data_Store_OLIDS_Dummy,OLIDS_MASKED,DIAGNOSTIC_ORDER,diagnostic_order_raw_concept_id,24,TEXT
Data_Store_OLIDS_Dummy,OLIDS_MASKED,DIAGNOSTIC_ORDER,age_at_event,25,NUMBER
Data_Store_OLIDS_Dummy,OLIDS_MASKED,DIAGNOSTIC_ORDER,age_at_event_baby,26,NUMBER
Data_Store_OLIDS_Dummy,OLIDS_MASKED,DIAGNOSTIC_ORDER,age_at_event_neonate,27,NUMBER
Data_Store_OLIDS_Dummy,OLIDS_MASKED,DIAGNOSTIC_ORDER,episodicity_concept_id,28,TEXT
Data_Store_OLIDS_Dummy,OLIDS_MASKED,DIAGNOSTIC_ORDER,is_primary,29,BOOLEAN
Data_Store_OLIDS_Dummy,OLIDS_MASKED,DIAGNOSTIC_ORDER,date_recorded,30,TIMESTAMP_NTZ
Data_Store_OLIDS_Dummy,OLIDS_MASKED,ENCOUNTER,lds_id,1,TEXT
Data_Store_OLIDS_Dummy,OLIDS_MASKED,ENCOUNTER,id,2,TEXT
Data_Store_OLIDS_Dummy,OLIDS_MASKED,ENCOUNTER,lds_business_key,3,TEXT
Data_Store_OLIDS_Dummy,OLIDS_MASKED,ENCOUNTER,lds_datetime_data_acquired,4,TIMESTAMP_NTZ
Data_Store_OLIDS_Dummy,OLIDS_MASKED,ENCOUNTER,lds_initial_data_received_date,5,TIMESTAMP_NTZ
Data_Store_OLIDS_Dummy,OLIDS_MASKED,ENCOUNTER,lds_dataset_id,6,TEXT
Data_Store_OLIDS_Dummy,OLIDS_MASKED,ENCOUNTER,record_owner_organisation_code,7,TEXT
Data_Store_OLIDS_Dummy,OLIDS_MASKED,ENCOUNTER,person_id,8,TEXT
Data_Store_OLIDS_Dummy,OLIDS_MASKED,ENCOUNTER,patient_id,9,TEXT
Data_Store_OLIDS_Dummy,OLIDS_MASKED,ENCOUNTER,practitioner_id,10,TEXT
Data_Store_OLIDS_Dummy,OLIDS_MASKED,ENCOUNTER,appointment_id,11,TEXT
Data_Store_OLIDS_Dummy,OLIDS_MASKED,ENCOUNTER,episode_of_care_id,12,TEXT
Data_Store_OLIDS_Dummy,OLIDS_MASKED,ENCOUNTER,service_provider_organisation_id,13,TEXT
Data_Store_OLIDS_Dummy,OLIDS_MASKED,ENCOUNTER,clinical_effective_date,14,TIMESTAMP_NTZ
Data_Store_OLIDS_Dummy,OLIDS_MASKED,ENCOUNTER,date_precision_concept_id,15,TEXT
Data_Store_OLIDS_Dummy,OLIDS_MASKED,ENCOUNTER,location,16,TEXT
Data_Store_OLIDS_Dummy,OLIDS_MASKED,ENCOUNTER,encounter_core_concept_id,17,TEXT
Data_Store_OLIDS_Dummy,OLIDS_MASKED,ENCOUNTER,age_at_event,18,NUMBER
Data_Store_OLIDS_Dummy,OLIDS_MASKED,ENCOUNTER,age_at_event_baby,19,NUMBER
Data_Store_OLIDS_Dummy,OLIDS_MASKED,ENCOUNTER,age_at_event_neonate,20,NUMBER
Data_Store_OLIDS_Dummy,OLIDS_MASKED,ENCOUNTER,type,21,TEXT
Data_Store_OLIDS_Dummy,OLIDS_MASKED,ENCOUNTER,sub_type,22,TEXT
Data_Store_OLIDS_Dummy,OLIDS_MASKED,ENCOUNTER,admission_method,23,TEXT
Data_Store_OLIDS_Dummy,OLIDS_MASKED,ENCOUNTER,end_date,24,TIMESTAMP_NTZ
Data_Store_OLIDS_Dummy,OLIDS_MASKED,ENCOUNTER,date_recorded,25,TIMESTAMP_NTZ
Data_Store_OLIDS_Dummy,OLIDS_MASKED,ENCOUNTER,lds_start_date_time,26,TIMESTAMP_NTZ
Data_Store_OLIDS_Dummy,OLIDS_MASKED,ENCOUNTER,lds_end_date_time,27,TIMESTAMP_NTZ
Data_Store_OLIDS_Dummy,OLIDS_MASKED,EPISODE_OF_CARE,lds_id,1,TEXT
Data_Store_OLIDS_Dummy,OLIDS_MASKED,EPISODE_OF_CARE,id,2,TEXT
Data_Store_OLIDS_Dummy,OLIDS_MASKED,EPISODE_OF_CARE,lds_business_key,3,TEXT
Data_Store_OLIDS_Dummy,OLIDS_MASKED,EPISODE_OF_CARE,lds_dataset_id,4,TEXT
Data_Store_OLIDS_Dummy,OLIDS_MASKED,EPISODE_OF_CARE,record_owner_organisation_code,5,TEXT
Data_Store_OLIDS_Dummy,OLIDS_MASKED,EPISODE_OF_CARE,lds_datetime_data_acquired,6,TIMESTAMP_NTZ
Data_Store_OLIDS_Dummy,OLIDS_MASKED,EPISODE_OF_CARE,lds_initial_data_received_date,7,TIMESTAMP_NTZ
Data_Store_OLIDS_Dummy,OLIDS_MASKED,EPISODE_OF_CARE,lds_start_date_time,8,TIMESTAMP_NTZ
Data_Store_OLIDS_Dummy,OLIDS_MASKED,EPISODE_OF_CARE,organisation_id,9,TEXT
Data_Store_OLIDS_Dummy,OLIDS_MASKED,EPISODE_OF_CARE,patient_id,10,TEXT
Data_Store_OLIDS_Dummy,OLIDS_MASKED,EPISODE_OF_CARE,person_id,11,TEXT
Data_Store_OLIDS_Dummy,OLIDS_MASKED,EPISODE_OF_CARE,episode_type_raw_concept_id,12,TEXT
Data_Store_OLIDS_Dummy,OLIDS_MASKED,EPISODE_OF_CARE,episode_status_raw_concept_id,13,TEXT
Data_Store_OLIDS_Dummy,OLIDS_MASKED,EPISODE_OF_CARE,episode_of_care_start_date,14,TIMESTAMP_NTZ
Data_Store_OLIDS_Dummy,OLIDS_MASKED,EPISODE_OF_CARE,episode_of_care_end_date,15,TIMESTAMP_NTZ
Data_Store_OLIDS_Dummy,OLIDS_MASKED,EPISODE_OF_CARE,care_manager_practitioner_id,16,TEXT
Data_Store_OLIDS_Dummy,OLIDS_MASKED,FLAG,lds_id,1,TEXT
Data_Store_OLIDS_Dummy,OLIDS_MASKED,FLAG,id,2,TEXT
Data_Store_OLIDS_Dummy,OLIDS_MASKED,FLAG,lds_business_key,3,TEXT
Data_Store_OLIDS_Dummy,OLIDS_MASKED,FLAG,lds_dataset_id,4,TEXT
Data_Store_OLIDS_Dummy,OLIDS_MASKED,FLAG,record_owner_organisation_code,5,TEXT
Data_Store_OLIDS_Dummy,OLIDS_MASKED,FLAG,lds_datetime_data_acquired,6,TIMESTAMP_NTZ
Data_Store_OLIDS_Dummy,OLIDS_MASKED,FLAG,lds_initial_data_received_date,7,TIMESTAMP_NTZ
Data_Store_OLIDS_Dummy,OLIDS_MASKED,FLAG,lds_start_date_time,8,TIMESTAMP_NTZ
Data_Store_OLIDS_Dummy,OLIDS_MASKED,FLAG,person_id,9,TEXT
Data_Store_OLIDS_Dummy,OLIDS_MASKED,FLAG,patient_id,10,TEXT
Data_Store_OLIDS_Dummy,OLIDS_MASKED,FLAG,effective_date,11,TIMESTAMP_NTZ
Data_Store_OLIDS_Dummy,OLIDS_MASKED,FLAG,expired_date,12,TIMESTAMP_NTZ
Data_Store_OLIDS_Dummy,OLIDS_MASKED,FLAG,is_active,13,BOOLEAN
Data_Store_OLIDS_Dummy,OLIDS_MASKED,FLAG,flag_text,14,TEXT
Data_Store_OLIDS_Dummy,OLIDS_MASKED,LOCATION,lds_id,1,TEXT
Data_Store_OLIDS_Dummy,OLIDS_MASKED,LOCATION,id,2,TEXT
Data_Store_OLIDS_Dummy,OLIDS_MASKED,LOCATION,lds_business_key,3,TEXT
Data_Store_OLIDS_Dummy,OLIDS_MASKED,LOCATION,lds_dataset_id,4,TEXT
Data_Store_OLIDS_Dummy,OLIDS_MASKED,LOCATION,lds_datetime_data_acquired,5,TIMESTAMP_NTZ
Data_Store_OLIDS_Dummy,OLIDS_MASKED,LOCATION,lds_initial_data_received_date,6,TIMESTAMP_NTZ
Data_Store_OLIDS_Dummy,OLIDS_MASKED,LOCATION,lds_start_date_time,7,TIMESTAMP_NTZ
Data_Store_OLIDS_Dummy,OLIDS_MASKED,LOCATION,name,8,TEXT
Data_Store_OLIDS_Dummy,OLIDS_MASKED,LOCATION,type_code,9,TEXT
Data_Store_OLIDS_Dummy,OLIDS_MASKED,LOCATION,type_desc,10,TEXT
Data_Store_OLIDS_Dummy,OLIDS_MASKED,LOCATION,is_primary_location,11,BOOLEAN
Data_Store_OLIDS_Dummy,OLIDS_MASKED,LOCATION,house_name,12,TEXT
Data_Store_OLIDS_Dummy,OLIDS_MASKED,LOCATION,house_number,13,TEXT
Data_Store_OLIDS_Dummy,OLIDS_MASKED,LOCATION,house_name_flat_number,14,TEXT
Data_Store_OLIDS_Dummy,OLIDS_MASKED,LOCATION,street,15,TEXT
Data_Store_OLIDS_Dummy,OLIDS_MASKED,LOCATION,address_line_1,16,TEXT
Data_Store_OLIDS_Dummy,OLIDS_MASKED,LOCATION,address_line_2,17,TEXT
Data_Store_OLIDS_Dummy,OLIDS_MASKED,LOCATION,address_line_3,18,TEXT
Data_Store_OLIDS_Dummy,OLIDS_MASKED,LOCATION,address_line_4,19,TEXT
Data_Store_OLIDS_Dummy,OLIDS_MASKED,LOCATION,postcode,20,TEXT
Data_Store_OLIDS_Dummy,OLIDS_MASKED,LOCATION,managing_organisation_id,21,TEXT
Data_Store_OLIDS_Dummy,OLIDS_MASKED,LOCATION,open_date,22,DATE
Data_Store_OLIDS_Dummy,OLIDS_MASKED,LOCATION,close_date,23,DATE
Data_Store_OLIDS_Dummy,OLIDS_MASKED,LOCATION,is_obsolete,24,BOOLEAN
Data_Store_OLIDS_Dummy,OLIDS_MASKED,LOCATION_CONTACT,lds_id,1,TEXT
Data_Store_OLIDS_Dummy,OLIDS_MASKED,LOCATION_CONTACT,id,2,TEXT
Data_Store_OLIDS_Dummy,OLIDS_MASKED,LOCATION_CONTACT,lds_business_key,3,TEXT
Data_Store_OLIDS_Dummy,OLIDS_MASKED,LOCATION_CONTACT,lds_dataset_id,4,TEXT
Data_Store_OLIDS_Dummy,OLIDS_MASKED,LOCATION_CONTACT,lds_datetime_data_acquired,5,TIMESTAMP_NTZ
Data_Store_OLIDS_Dummy,OLIDS_MASKED,LOCATION_CONTACT,lds_initial_data_received_date,6,TIMESTAMP_NTZ
Data_Store_OLIDS_Dummy,OLIDS_MASKED,LOCATION_CONTACT,lds_start_date_time,7,TIMESTAMP_NTZ
Data_Store_OLIDS_Dummy,OLIDS_MASKED,LOCATION_CONTACT,location_id,8,TEXT
Data_Store_OLIDS_Dummy,OLIDS_MASKED,LOCATION_CONTACT,is_primary_contact,9,BOOLEAN
Data_Store_OLIDS_Dummy,OLIDS_MASKED,LOCATION_CONTACT,ldsbusinessid_contacttype,10,TEXT
Data_Store_OLIDS_Dummy,OLIDS_MASKED,LOCATION_CONTACT,contact_type_concept_id,11,TEXT
Data_Store_OLIDS_Dummy,OLIDS_MASKED,LOCATION_CONTACT,value,12,TEXT
Data_Store_OLIDS_Dummy,OLIDS_MASKED,LOCATION_CONTACT,lds_end_date_time,13,TIMESTAMP_NTZ
Data_Store_OLIDS_Dummy,OLIDS_MASKED,MEDICATION_ORDER,lds_id,1,TEXT
Data_Store_OLIDS_Dummy,OLIDS_MASKED,MEDICATION_ORDER,id,2,TEXT
Data_Store_OLIDS_Dummy,OLIDS_MASKED,MEDICATION_ORDER,lds_business_key,3,TEXT
Data_Store_OLIDS_Dummy,OLIDS_MASKED,MEDICATION_ORDER,record_owner_organisation_code,4,TEXT
Data_Store_OLIDS_Dummy,OLIDS_MASKED,MEDICATION_ORDER,lds_datetime_data_acquired,5,TIMESTAMP_NTZ
Data_Store_OLIDS_Dummy,OLIDS_MASKED,MEDICATION_ORDER,lds_initial_data_received_date,6,TIMESTAMP_NTZ
Data_Store_OLIDS_Dummy,OLIDS_MASKED,MEDICATION_ORDER,lds_dataset_id,7,TEXT
Data_Store_OLIDS_Dummy,OLIDS_MASKED,MEDICATION_ORDER,organisation_id,8,TEXT
Data_Store_OLIDS_Dummy,OLIDS_MASKED,MEDICATION_ORDER,person_id,9,TEXT
Data_Store_OLIDS_Dummy,OLIDS_MASKED,MEDICATION_ORDER,patient_id,10,TEXT
Data_Store_OLIDS_Dummy,OLIDS_MASKED,MEDICATION_ORDER,medication_statement_id,11,TEXT
Data_Store_OLIDS_Dummy,OLIDS_MASKED,MEDICATION_ORDER,encounter_id,12,TEXT
Data_Store_OLIDS_Dummy,OLIDS_MASKED,MEDICATION_ORDER,practitioner_id,13,TEXT
Data_Store_OLIDS_Dummy,OLIDS_MASKED,MEDICATION_ORDER,observation_id,14,TEXT
Data_Store_OLIDS_Dummy,OLIDS_MASKED,MEDICATION_ORDER,allergy_intolerance_id,15,TEXT
Data_Store_OLIDS_Dummy,OLIDS_MASKED,MEDICATION_ORDER,diagnostic_order_id,16,TEXT
Data_Store_OLIDS_Dummy,OLIDS_MASKED,MEDICATION_ORDER,referral_request_id,17,TEXT
Data_Store_OLIDS_Dummy,OLIDS_MASKED,MEDICATION_ORDER,clinical_effective_date,18,TIMESTAMP_NTZ
Data_Store_OLIDS_Dummy,OLIDS_MASKED,MEDICATION_ORDER,date_precision_concept_id,19,TEXT
Data_Store_OLIDS_Dummy,OLIDS_MASKED,MEDICATION_ORDER,dose,20,TEXT
Data_Store_OLIDS_Dummy,OLIDS_MASKED,MEDICATION_ORDER,quantity_value,21,FLOAT
Data_Store_OLIDS_Dummy,OLIDS_MASKED,MEDICATION_ORDER,quantity_unit,22,TEXT
Data_Store_OLIDS_Dummy,OLIDS_MASKED,MEDICATION_ORDER,duration_days,23,NUMBER
Data_Store_OLIDS_Dummy,OLIDS_MASKED,MEDICATION_ORDER,estimated_cost,24,FLOAT
Data_Store_OLIDS_Dummy,OLIDS_MASKED,MEDICATION_ORDER,medication_name,25,TEXT
Data_Store_OLIDS_Dummy,OLIDS_MASKED,MEDICATION_ORDER,medication_order_core_concept_id,26,TEXT
Data_Store_OLIDS_Dummy,OLIDS_MASKED,MEDICATION_ORDER,bnf_reference,27,TEXT
Data_Store_OLIDS_Dummy,OLIDS_MASKED,MEDICATION_ORDER,age_at_event,28,NUMBER
Data_Store_OLIDS_Dummy,OLIDS_MASKED,MEDICATION_ORDER,age_at_event_baby,29,NUMBER
Data_Store_OLIDS_Dummy,OLIDS_MASKED,MEDICATION_ORDER,age_at_event_neonate,30,NUMBER
Data_Store_OLIDS_Dummy,OLIDS_MASKED,MEDICATION_ORDER,issue_method,31,TEXT
Data_Store_OLIDS_Dummy,OLIDS_MASKED,MEDICATION_ORDER,date_recorded,32,TIMESTAMP_NTZ
Data_Store_OLIDS_Dummy,OLIDS_MASKED,MEDICATION_ORDER,is_confidential,33,BOOLEAN
Data_Store_OLIDS_Dummy,OLIDS_MASKED,MEDICATION_ORDER,lds_start_date_time,34,TIMESTAMP_NTZ
Data_Store_OLIDS_Dummy,OLIDS_MASKED,MEDICATION_ORDER,lds_end_date_time,35,TIMESTAMP_NTZ
Data_Store_OLIDS_Dummy,OLIDS_MASKED,MEDICATION_STATEMENT,lds_id,1,TEXT
Data_Store_OLIDS_Dummy,OLIDS_MASKED,MEDICATION_STATEMENT,id,2,TEXT
Data_Store_OLIDS_Dummy,OLIDS_MASKED,MEDICATION_STATEMENT,lds_business_key,3,TEXT
Data_Store_OLIDS_Dummy,OLIDS_MASKED,MEDICATION_STATEMENT,record_owner_organisation_code,4,TEXT
Data_Store_OLIDS_Dummy,OLIDS_MASKED,MEDICATION_STATEMENT,lds_datetime_data_acquired,5,TIMESTAMP_NTZ
Data_Store_OLIDS_Dummy,OLIDS_MASKED,MEDICATION_STATEMENT,lds_initial_data_received_date,6,TIMESTAMP_NTZ
Data_Store_OLIDS_Dummy,OLIDS_MASKED,MEDICATION_STATEMENT,lds_dataset_id,7,TEXT
Data_Store_OLIDS_Dummy,OLIDS_MASKED,MEDICATION_STATEMENT,organisation_id,8,TEXT
Data_Store_OLIDS_Dummy,OLIDS_MASKED,MEDICATION_STATEMENT,person_id,9,TEXT
Data_Store_OLIDS_Dummy,OLIDS_MASKED,MEDICATION_STATEMENT,patient_id,10,TEXT
Data_Store_OLIDS_Dummy,OLIDS_MASKED,MEDICATION_STATEMENT,encounter_id,11,TEXT
Data_Store_OLIDS_Dummy,OLIDS_MASKED,MEDICATION_STATEMENT,practitioner_id,12,TEXT
Data_Store_OLIDS_Dummy,OLIDS_MASKED,MEDICATION_STATEMENT,observation_id,13,TEXT
Data_Store_OLIDS_Dummy,OLIDS_MASKED,MEDICATION_STATEMENT,allergy_intolerance_id,14,TEXT
Data_Store_OLIDS_Dummy,OLIDS_MASKED,MEDICATION_STATEMENT,diagnostic_order_id,15,TEXT
Data_Store_OLIDS_Dummy,OLIDS_MASKED,MEDICATION_STATEMENT,referral_request_id,16,TEXT
Data_Store_OLIDS_Dummy,OLIDS_MASKED,MEDICATION_STATEMENT,ldsconceptid_authorisationtype,17,TEXT
Data_Store_OLIDS_Dummy,OLIDS_MASKED,MEDICATION_STATEMENT,ldsconceptid_dateprecision,18,TEXT
Data_Store_OLIDS_Dummy,OLIDS_MASKED,MEDICATION_STATEMENT,medication_statement_core_concept_id,19,TEXT
Data_Store_OLIDS_Dummy,OLIDS_MASKED,MEDICATION_STATEMENT,clinical_effective_date,20,TIMESTAMP_NTZ
Data_Store_OLIDS_Dummy,OLIDS_MASKED,MEDICATION_STATEMENT,cancellation_date,21,TIMESTAMP_NTZ
Data_Store_OLIDS_Dummy,OLIDS_MASKED,MEDICATION_STATEMENT,dose,22,TEXT
Data_Store_OLIDS_Dummy,OLIDS_MASKED,MEDICATION_STATEMENT,quantity_value_description,23,TEXT
Data_Store_OLIDS_Dummy,OLIDS_MASKED,MEDICATION_STATEMENT,quantity_value,24,FLOAT
Data_Store_OLIDS_Dummy,OLIDS_MASKED,MEDICATION_STATEMENT,quantity_unit,25,TEXT
Data_Store_OLIDS_Dummy,OLIDS_MASKED,MEDICATION_STATEMENT,medication_name,26,TEXT
Data_Store_OLIDS_Dummy,OLIDS_MASKED,MEDICATION_STATEMENT,bnf_reference,27,TEXT
Data_Store_OLIDS_Dummy,OLIDS_MASKED,MEDICATION_STATEMENT,age_at_event,28,NUMBER
Data_Store_OLIDS_Dummy,OLIDS_MASKED,MEDICATION_STATEMENT,age_at_event_baby,29,NUMBER
Data_Store_OLIDS_Dummy,OLIDS_MASKED,MEDICATION_STATEMENT,age_at_event_neonate,30,NUMBER
Data_Store_OLIDS_Dummy,OLIDS_MASKED,MEDICATION_STATEMENT,issue_method,31,TEXT
Data_Store_OLIDS_Dummy,OLIDS_MASKED,MEDICATION_STATEMENT,date_recorded,32,TIMESTAMP_NTZ
Data_Store_OLIDS_Dummy,OLIDS_MASKED,MEDICATION_STATEMENT,is_active,33,BOOLEAN
Data_Store_OLIDS_Dummy,OLIDS_MASKED,MEDICATION_STATEMENT,is_confidential,34,BOOLEAN
Data_Store_OLIDS_Dummy,OLIDS_MASKED,MEDICATION_STATEMENT,lds_start_date_time,35,TIMESTAMP_NTZ
Data_Store_OLIDS_Dummy,OLIDS_MASKED,OBSERVATION,lds_id,1,TEXT
Data_Store_OLIDS_Dummy,OLIDS_MASKED,OBSERVATION,id,2,TEXT
Data_Store_OLIDS_Dummy,OLIDS_MASKED,OBSERVATION,lds_business_key,3,TEXT
Data_Store_OLIDS_Dummy,OLIDS_MASKED,OBSERVATION,lds_dataset_id,4,TEXT
Data_Store_OLIDS_Dummy,OLIDS_MASKED,OBSERVATION,lds_datetime_data_acquired,5,TIMESTAMP_NTZ
Data_Store_OLIDS_Dummy,OLIDS_MASKED,OBSERVATION,lds_initial_data_received_date,6,TIMESTAMP_NTZ
Data_Store_OLIDS_Dummy,OLIDS_MASKED,OBSERVATION,lds_start_date_time,7,TIMESTAMP_NTZ
Data_Store_OLIDS_Dummy,OLIDS_MASKED,OBSERVATION,record_owner_organisation_code,8,TEXT
Data_Store_OLIDS_Dummy,OLIDS_MASKED,OBSERVATION,patient_id,9,TEXT
Data_Store_OLIDS_Dummy,OLIDS_MASKED,OBSERVATION,encounter_id,10,TEXT
Data_Store_OLIDS_Dummy,OLIDS_MASKED,OBSERVATION,ldsbusinessid_practioner,11,TEXT
Data_Store_OLIDS_Dummy,OLIDS_MASKED,OBSERVATION,parent_obervation_id,12,TEXT
Data_Store_OLIDS_Dummy,OLIDS_MASKED,OBSERVATION,clinical_effective_date,13,TIMESTAMP_NTZ
Data_Store_OLIDS_Dummy,OLIDS_MASKED,OBSERVATION,date_precision_concept_id,14,TEXT
Data_Store_OLIDS_Dummy,OLIDS_MASKED,OBSERVATION,result_value,15,FLOAT
Data_Store_OLIDS_Dummy,OLIDS_MASKED,OBSERVATION,result_value_unit_concept_id,16,TEXT
Data_Store_OLIDS_Dummy,OLIDS_MASKED,OBSERVATION,result_date,17,DATE
Data_Store_OLIDS_Dummy,OLIDS_MASKED,OBSERVATION,result_text,18,TEXT
Data_Store_OLIDS_Dummy,OLIDS_MASKED,OBSERVATION,is_problem,19,BOOLEAN
Data_Store_OLIDS_Dummy,OLIDS_MASKED,OBSERVATION,is_review,20,BOOLEAN
Data_Store_OLIDS_Dummy,OLIDS_MASKED,OBSERVATION,problem_end_date,21,TIMESTAMP_NTZ
Data_Store_OLIDS_Dummy,OLIDS_MASKED,OBSERVATION,observation_raw_concept_id,22,TEXT
Data_Store_OLIDS_Dummy,OLIDS_MASKED,OBSERVATION,observation_core_concept_id,23,TEXT
Data_Store_OLIDS_Dummy,OLIDS_MASKED,OBSERVATION,age_at_event,24,NUMBER
Data_Store_OLIDS_Dummy,OLIDS_MASKED,OBSERVATION,age_at_event_baby,25,NUMBER
Data_Store_OLIDS_Dummy,OLIDS_MASKED,OBSERVATION,age_at_event_neonate,26,NUMBER
Data_Store_OLIDS_Dummy,OLIDS_MASKED,OBSERVATION,episodicity_concept_id,27,TEXT
Data_Store_OLIDS_Dummy,OLIDS_MASKED,OBSERVATION,is_primary,28,BOOLEAN
Data_Store_OLIDS_Dummy,OLIDS_MASKED,OBSERVATION,date_recorded,29,TIMESTAMP_NTZ
Data_Store_OLIDS_Dummy,OLIDS_MASKED,OBSERVATION,is_problem_deleted,30,BOOLEAN
Data_Store_OLIDS_Dummy,OLIDS_MASKED,OBSERVATION,is_confidential,31,BOOLEAN
Data_Store_OLIDS_Dummy,OLIDS_MASKED,ORGANISATION,lds_id,1,TEXT
Data_Store_OLIDS_Dummy,OLIDS_MASKED,ORGANISATION,id,2,TEXT
Data_Store_OLIDS_Dummy,OLIDS_MASKED,ORGANISATION,lds_business_key,3,TEXT
Data_Store_OLIDS_Dummy,OLIDS_MASKED,ORGANISATION,lds_datetime_data_acquired,4,TIMESTAMP_NTZ
Data_Store_OLIDS_Dummy,OLIDS_MASKED,ORGANISATION,lds_initial_data_received_date,5,TIMESTAMP_NTZ
Data_Store_OLIDS_Dummy,OLIDS_MASKED,ORGANISATION,lds_dataset_id,6,TEXT
Data_Store_OLIDS_Dummy,OLIDS_MASKED,ORGANISATION,lds_start_date_time,7,TIMESTAMP_NTZ
Data_Store_OLIDS_Dummy,OLIDS_MASKED,ORGANISATION,organisation_code,8,TEXT
Data_Store_OLIDS_Dummy,OLIDS_MASKED,ORGANISATION,assigning_authority_code,9,TEXT
Data_Store_OLIDS_Dummy,OLIDS_MASKED,ORGANISATION,name,10,TEXT
Data_Store_OLIDS_Dummy,OLIDS_MASKED,ORGANISATION,type_code,11,TEXT
Data_Store_OLIDS_Dummy,OLIDS_MASKED,ORGANISATION,type_desc,12,TEXT
Data_Store_OLIDS_Dummy,OLIDS_MASKED,ORGANISATION,postcode,13,TEXT
Data_Store_OLIDS_Dummy,OLIDS_MASKED,ORGANISATION,parent_organisation_id,14,TEXT
Data_Store_OLIDS_Dummy,OLIDS_MASKED,ORGANISATION,open_date,15,DATE
Data_Store_OLIDS_Dummy,OLIDS_MASKED,ORGANISATION,close_date,16,DATE
Data_Store_OLIDS_Dummy,OLIDS_MASKED,ORGANISATION,is_obsolete,17,BOOLEAN
Data_Store_OLIDS_Dummy,OLIDS_MASKED,PATIENT,lds_id,1,TEXT
Data_Store_OLIDS_Dummy,OLIDS_MASKED,PATIENT,id,2,TEXT
Data_Store_OLIDS_Dummy,OLIDS_MASKED,PATIENT,lds_business_key,3,TEXT
Data_Store_OLIDS_Dummy,OLIDS_MASKED,PATIENT,lds_dataset_id,4,TEXT
Data_Store_OLIDS_Dummy,OLIDS_MASKED,PATIENT,lds_datetime_data_acquired,5,TIMESTAMP_NTZ
Data_Store_OLIDS_Dummy,OLIDS_MASKED,PATIENT,lds_start_date_time,6,TIMESTAMP_NTZ
Data_Store_OLIDS_Dummy,OLIDS_MASKED,PATIENT,record_owner_organisation_code,7,TEXT
Data_Store_OLIDS_Dummy,OLIDS_MASKED,PATIENT,nhs_number_hash,8,BINARY
Data_Store_OLIDS_Dummy,OLIDS_MASKED,PATIENT,sk_patient_id,9,NUMBER
Data_Store_OLIDS_Dummy,OLIDS_MASKED,PATIENT,title,10,TEXT
Data_Store_OLIDS_Dummy,OLIDS_MASKED,PATIENT,gender_concept_id,11,TEXT
Data_Store_OLIDS_Dummy,OLIDS_MASKED,PATIENT,registered_practice_id,12,TEXT
Data_Store_OLIDS_Dummy,OLIDS_MASKED,PATIENT,birth_year,13,NUMBER
Data_Store_OLIDS_Dummy,OLIDS_MASKED,PATIENT,birth_month,14,NUMBER
Data_Store_OLIDS_Dummy,OLIDS_MASKED,PATIENT,death_year,15,NUMBER
Data_Store_OLIDS_Dummy,OLIDS_MASKED,PATIENT,death_month,16,NUMBER
Data_Store_OLIDS_Dummy,OLIDS_MASKED,PATIENT,is_confidential,17,BOOLEAN
Data_Store_OLIDS_Dummy,OLIDS_MASKED,PATIENT,is_dummy_patient,18,BOOLEAN
Data_Store_OLIDS_Dummy,OLIDS_MASKED,PATIENT,is_spine_sensitive,19,BOOLEAN
Data_Store_OLIDS_Dummy,OLIDS_MASKED,PATIENT,lds_end_date_time,20,TIMESTAMP_NTZ
Data_Store_OLIDS_Dummy,OLIDS_MASKED,PATIENT_ADDRESS,lds_id,1,TEXT
Data_Store_OLIDS_Dummy,OLIDS_MASKED,PATIENT_ADDRESS,id,2,TEXT
Data_Store_OLIDS_Dummy,OLIDS_MASKED,PATIENT_ADDRESS,lds_business_key,3,TEXT
Data_Store_OLIDS_Dummy,OLIDS_MASKED,PATIENT_ADDRESS,lds_dataset_id,4,TEXT
Data_Store_OLIDS_Dummy,OLIDS_MASKED,PATIENT_ADDRESS,lds_datetime_data_acquired,5,TIMESTAMP_NTZ
Data_Store_OLIDS_Dummy,OLIDS_MASKED,PATIENT_ADDRESS,lds_start_date_time,6,TIMESTAMP_NTZ
Data_Store_OLIDS_Dummy,OLIDS_MASKED,PATIENT_ADDRESS,record_owner_organisation_code,7,TEXT
Data_Store_OLIDS_Dummy,OLIDS_MASKED,PATIENT_ADDRESS,patient_id,8,TEXT
Data_Store_OLIDS_Dummy,OLIDS_MASKED,PATIENT_ADDRESS,address_type_concept_id,9,TEXT
Data_Store_OLIDS_Dummy,OLIDS_MASKED,PATIENT_ADDRESS,post_code_hash,10,BINARY
Data_Store_OLIDS_Dummy,OLIDS_MASKED,PATIENT_ADDRESS,start_date,11,TIMESTAMP_NTZ
Data_Store_OLIDS_Dummy,OLIDS_MASKED,PATIENT_ADDRESS,end_date,12,TIMESTAMP_NTZ
Data_Store_OLIDS_Dummy,OLIDS_MASKED,PATIENT_ADDRESS,lds_end_date_time,13,TIMESTAMP_NTZ
Data_Store_OLIDS_Dummy,OLIDS_MASKED,PATIENT_CONTACT,lds_id,1,TEXT
Data_Store_OLIDS_Dummy,OLIDS_MASKED,PATIENT_CONTACT,id,2,TEXT
Data_Store_OLIDS_Dummy,OLIDS_MASKED,PATIENT_CONTACT,lds_business_key,3,TEXT
Data_Store_OLIDS_Dummy,OLIDS_MASKED,PATIENT_CONTACT,lds_datetime_data_acquired,4,TIMESTAMP_NTZ
Data_Store_OLIDS_Dummy,OLIDS_MASKED,PATIENT_CONTACT,lds_dataset_id,5,TEXT
Data_Store_OLIDS_Dummy,OLIDS_MASKED,PATIENT_CONTACT,record_owner_organisation_code,6,TEXT
Data_Store_OLIDS_Dummy,OLIDS_MASKED,PATIENT_CONTACT,person_id,7,TEXT
Data_Store_OLIDS_Dummy,OLIDS_MASKED,PATIENT_CONTACT,patient_id,8,TEXT
Data_Store_OLIDS_Dummy,OLIDS_MASKED,PATIENT_CONTACT,lds_start_date_time,9,TIMESTAMP_NTZ
Data_Store_OLIDS_Dummy,OLIDS_MASKED,PATIENT_CONTACT,description,10,TEXT
Data_Store_OLIDS_Dummy,OLIDS_MASKED,PATIENT_CONTACT,contact_type_concept_id,11,TEXT
Data_Store_OLIDS_Dummy,OLIDS_MASKED,PATIENT_CONTACT,start_date,12,DATE
Data_Store_OLIDS_Dummy,OLIDS_MASKED,PATIENT_CONTACT,end_date,13,DATE
Data_Store_OLIDS_Dummy,OLIDS_MASKED,PATIENT_PERSON,lds_id,1,TEXT
Data_Store_OLIDS_Dummy,OLIDS_MASKED,PATIENT_PERSON,id,2,TEXT
Data_Store_OLIDS_Dummy,OLIDS_MASKED,PATIENT_PERSON,lds_business_key,3,TEXT
Data_Store_OLIDS_Dummy,OLIDS_MASKED,PATIENT_PERSON,lds_start_date_time,4,TIMESTAMP_NTZ
Data_Store_OLIDS_Dummy,OLIDS_MASKED,PATIENT_PERSON,lds_end_date_time,5,TIMESTAMP_NTZ
Data_Store_OLIDS_Dummy,OLIDS_MASKED,PATIENT_PERSON,lds_dataset_id,6,TEXT
Data_Store_OLIDS_Dummy,OLIDS_MASKED,PATIENT_PERSON,patient_id,7,TEXT
Data_Store_OLIDS_Dummy,OLIDS_MASKED,PATIENT_PERSON,person_id,8,TEXT
Data_Store_OLIDS_Dummy,OLIDS_MASKED,PATIENT_REGISTERED_PRACTITIONER_IN_ROLE,lds_id,1,TEXT
Data_Store_OLIDS_Dummy,OLIDS_MASKED,PATIENT_REGISTERED_PRACTITIONER_IN_ROLE,id,2,TEXT
Data_Store_OLIDS_Dummy,OLIDS_MASKED,PATIENT_REGISTERED_PRACTITIONER_IN_ROLE,lds_business_key,3,TEXT
Data_Store_OLIDS_Dummy,OLIDS_MASKED,PATIENT_REGISTERED_PRACTITIONER_IN_ROLE,lds_dataset_id,4,TEXT
Data_Store_OLIDS_Dummy,OLIDS_MASKED,PATIENT_REGISTERED_PRACTITIONER_IN_ROLE,record_owner_organisation_code,5,TEXT
Data_Store_OLIDS_Dummy,OLIDS_MASKED,PATIENT_REGISTERED_PRACTITIONER_IN_ROLE,lds_datetime_data_acquired,6,TIMESTAMP_NTZ
Data_Store_OLIDS_Dummy,OLIDS_MASKED,PATIENT_REGISTERED_PRACTITIONER_IN_ROLE,lds_start_date_time,7,TIMESTAMP_NTZ
Data_Store_OLIDS_Dummy,OLIDS_MASKED,PATIENT_REGISTERED_PRACTITIONER_IN_ROLE,person_id,8,TEXT
Data_Store_OLIDS_Dummy,OLIDS_MASKED,PATIENT_REGISTERED_PRACTITIONER_IN_ROLE,patient_id,9,TEXT
Data_Store_OLIDS_Dummy,OLIDS_MASKED,PATIENT_REGISTERED_PRACTITIONER_IN_ROLE,organisation_id,10,TEXT
Data_Store_OLIDS_Dummy,OLIDS_MASKED,PATIENT_REGISTERED_PRACTITIONER_IN_ROLE,practitioner_id,11,TEXT
Data_Store_OLIDS_Dummy,OLIDS_MASKED,PATIENT_REGISTERED_PRACTITIONER_IN_ROLE,episode_of_care_id,12,TEXT
Data_Store_OLIDS_Dummy,OLIDS_MASKED,PATIENT_REGISTERED_PRACTITIONER_IN_ROLE,start_date,13,TIMESTAMP_NTZ
Data_Store_OLIDS_Dummy,OLIDS_MASKED,PATIENT_REGISTERED_PRACTITIONER_IN_ROLE,end_date,14,TIMESTAMP_NTZ
Data_Store_OLIDS_Dummy,OLIDS_MASKED,PERSON,lds_id,1,TEXT
Data_Store_OLIDS_Dummy,OLIDS_MASKED,PERSON,id,2,TEXT
Data_Store_OLIDS_Dummy,OLIDS_MASKED,PERSON,lds_business_key,3,TEXT
Data_Store_OLIDS_Dummy,OLIDS_MASKED,PERSON,lds_dataset_id,4,TEXT
Data_Store_OLIDS_Dummy,OLIDS_MASKED,PERSON,primary_patient_id,5,TEXT
Data_Store_OLIDS_Dummy,OLIDS_MASKED,PERSON,lds_start_date_time,6,TIMESTAMP_NTZ
Data_Store_OLIDS_Dummy,OLIDS_MASKED,PERSON,lds_end_date_time,7,TIMESTAMP_NTZ
Data_Store_OLIDS_Dummy,OLIDS_MASKED,PRACTITIONER,lds_id,1,TEXT
Data_Store_OLIDS_Dummy,OLIDS_MASKED,PRACTITIONER,id,2,TEXT
Data_Store_OLIDS_Dummy,OLIDS_MASKED,PRACTITIONER,lds_business_key,3,TEXT
Data_Store_OLIDS_Dummy,OLIDS_MASKED,PRACTITIONER,lds_dataset_id,4,TEXT
Data_Store_OLIDS_Dummy,OLIDS_MASKED,PRACTITIONER,lds_datetime_data_acquired,5,TIMESTAMP_NTZ
Data_Store_OLIDS_Dummy,OLIDS_MASKED,PRACTITIONER,lds_start_date_time,6,TIMESTAMP_NTZ
Data_Store_OLIDS_Dummy,OLIDS_MASKED,PRACTITIONER,record_owner_organisation_code,7,TEXT
Data_Store_OLIDS_Dummy,OLIDS_MASKED,PRACTITIONER,gmc_code,8,TEXT
Data_Store_OLIDS_Dummy,OLIDS_MASKED,PRACTITIONER,title,9,TEXT
Data_Store_OLIDS_Dummy,OLIDS_MASKED,PRACTITIONER,first_name,10,TEXT
Data_Store_OLIDS_Dummy,OLIDS_MASKED,PRACTITIONER,last_name,11,TEXT
Data_Store_OLIDS_Dummy,OLIDS_MASKED,PRACTITIONER,name,12,TEXT
Data_Store_OLIDS_Dummy,OLIDS_MASKED,PRACTITIONER,is_obsolete,13,BOOLEAN
Data_Store_OLIDS_Dummy,OLIDS_MASKED,PRACTITIONER,lds_end_date_time,14,TIMESTAMP_NTZ
Data_Store_OLIDS_Dummy,OLIDS_MASKED,PRACTITIONER_IN_ROLE,lds_id,1,TEXT
Data_Store_OLIDS_Dummy,OLIDS_MASKED,PRACTITIONER_IN_ROLE,id,2,TEXT
Data_Store_OLIDS_Dummy,OLIDS_MASKED,PRACTITIONER_IN_ROLE,lds_business_key,3,TEXT
Data_Store_OLIDS_Dummy,OLIDS_MASKED,PRACTITIONER_IN_ROLE,lds_dataset_id,4,TEXT
Data_Store_OLIDS_Dummy,OLIDS_MASKED,PRACTITIONER_IN_ROLE,lds_datetime_data_acquired,5,TIMESTAMP_NTZ
Data_Store_OLIDS_Dummy,OLIDS_MASKED,PRACTITIONER_IN_ROLE,lds_start_date_time,6,TIMESTAMP_NTZ
Data_Store_OLIDS_Dummy,OLIDS_MASKED,PRACTITIONER_IN_ROLE,record_owner_organisation_code,7,TEXT
Data_Store_OLIDS_Dummy,OLIDS_MASKED,PRACTITIONER_IN_ROLE,practitioner_id,8,TEXT
Data_Store_OLIDS_Dummy,OLIDS_MASKED,PRACTITIONER_IN_ROLE,organisation_id,9,TEXT
Data_Store_OLIDS_Dummy,OLIDS_MASKED,PRACTITIONER_IN_ROLE,role_code,10,TEXT
Data_Store_OLIDS_Dummy,OLIDS_MASKED,PRACTITIONER_IN_ROLE,role,11,TEXT
Data_Store_OLIDS_Dummy,OLIDS_MASKED,PRACTITIONER_IN_ROLE,date_employment_start,12,TIMESTAMP_NTZ
Data_Store_OLIDS_Dummy,OLIDS_MASKED,PRACTITIONER_IN_ROLE,date_employment_end,13,TIMESTAMP_NTZ
Data_Store_OLIDS_Dummy,OLIDS_MASKED,PROCEDURE_REQUEST,lds_id,1,TEXT
Data_Store_OLIDS_Dummy,OLIDS_MASKED,PROCEDURE_REQUEST,id,2,TEXT
Data_Store_OLIDS_Dummy,OLIDS_MASKED,PROCEDURE_REQUEST,lds_business_key,3,TEXT
Data_Store_OLIDS_Dummy,OLIDS_MASKED,PROCEDURE_REQUEST,lds_datetime_data_acquired,4,TIMESTAMP_NTZ
Data_Store_OLIDS_Dummy,OLIDS_MASKED,PROCEDURE_REQUEST,lds_dataset_id,5,TEXT
Data_Store_OLIDS_Dummy,OLIDS_MASKED,PROCEDURE_REQUEST,lds_start_date_time,6,TIMESTAMP_NTZ
Data_Store_OLIDS_Dummy,OLIDS_MASKED,PROCEDURE_REQUEST,record_owner_organisation_code,7,TEXT
Data_Store_OLIDS_Dummy,OLIDS_MASKED,PROCEDURE_REQUEST,person_id,8,TEXT
Data_Store_OLIDS_Dummy,OLIDS_MASKED,PROCEDURE_REQUEST,patient_id,9,TEXT
Data_Store_OLIDS_Dummy,OLIDS_MASKED,PROCEDURE_REQUEST,encounter_id,10,TEXT
Data_Store_OLIDS_Dummy,OLIDS_MASKED,PROCEDURE_REQUEST,practitioner_id,11,TEXT
Data_Store_OLIDS_Dummy,OLIDS_MASKED,PROCEDURE_REQUEST,clinical_effective_date,12,TIMESTAMP_NTZ
Data_Store_OLIDS_Dummy,OLIDS_MASKED,PROCEDURE_REQUEST,date_precision_concept_id,13,TEXT
Data_Store_OLIDS_Dummy,OLIDS_MASKED,PROCEDURE_REQUEST,date_recorded,14,TIMESTAMP_NTZ
Data_Store_OLIDS_Dummy,OLIDS_MASKED,PROCEDURE_REQUEST,description,15,TEXT
Data_Store_OLIDS_Dummy,OLIDS_MASKED,PROCEDURE_REQUEST,procedure_core_concept_id,16,TEXT
Data_Store_OLIDS_Dummy,OLIDS_MASKED,PROCEDURE_REQUEST,status_concept_id,17,TEXT
Data_Store_OLIDS_Dummy,OLIDS_MASKED,PROCEDURE_REQUEST,age_at_event,18,NUMBER
Data_Store_OLIDS_Dummy,OLIDS_MASKED,PROCEDURE_REQUEST,age_at_event_baby,19,NUMBER
Data_Store_OLIDS_Dummy,OLIDS_MASKED,PROCEDURE_REQUEST,age_at_event_neonate,20,NUMBER
Data_Store_OLIDS_Dummy,OLIDS_MASKED,PROCEDURE_REQUEST,is_confidential,21,BOOLEAN
Data_Store_OLIDS_Dummy,OLIDS_MASKED,PROCEDURE_REQUEST,lds_end_date_time,22,TIMESTAMP_NTZ
Data_Store_OLIDS_Dummy,OLIDS_MASKED,REFERRAL_REQUEST,lds_id,1,TEXT
Data_Store_OLIDS_Dummy,OLIDS_MASKED,REFERRAL_REQUEST,id,2,TEXT
Data_Store_OLIDS_Dummy,OLIDS_MASKED,REFERRAL_REQUEST,lds_business_key,3,TEXT
Data_Store_OLIDS_Dummy,OLIDS_MASKED,REFERRAL_REQUEST,lds_datetime_data_acquired,4,TIMESTAMP_NTZ
Data_Store_OLIDS_Dummy,OLIDS_MASKED,REFERRAL_REQUEST,lds_data_initial_received_date,5,TIMESTAMP_NTZ
Data_Store_OLIDS_Dummy,OLIDS_MASKED,REFERRAL_REQUEST,lds_dataset_id,6,TEXT
Data_Store_OLIDS_Dummy,OLIDS_MASKED,REFERRAL_REQUEST,lds_start_date_time,7,TIMESTAMP_NTZ
Data_Store_OLIDS_Dummy,OLIDS_MASKED,REFERRAL_REQUEST,lds_end_date_time,8,TIMESTAMP_NTZ
Data_Store_OLIDS_Dummy,OLIDS_MASKED,REFERRAL_REQUEST,record_owner_organisation_code,9,TEXT
Data_Store_OLIDS_Dummy,OLIDS_MASKED,REFERRAL_REQUEST,organisation_id,10,TEXT
Data_Store_OLIDS_Dummy,OLIDS_MASKED,REFERRAL_REQUEST,person_id,11,TEXT
Data_Store_OLIDS_Dummy,OLIDS_MASKED,REFERRAL_REQUEST,patient_id,12,TEXT
Data_Store_OLIDS_Dummy,OLIDS_MASKED,REFERRAL_REQUEST,encounter_id,13,TEXT
Data_Store_OLIDS_Dummy,OLIDS_MASKED,REFERRAL_REQUEST,practitioner_id,14,TEXT
Data_Store_OLIDS_Dummy,OLIDS_MASKED,REFERRAL_REQUEST,unique_booking_reference_number,15,TEXT
Data_Store_OLIDS_Dummy,OLIDS_MASKED,REFERRAL_REQUEST,clinical_effective_date,16,TIMESTAMP_NTZ
Data_Store_OLIDS_Dummy,OLIDS_MASKED,REFERRAL_REQUEST,date_precision_concept_id,17,TEXT
Data_Store_OLIDS_Dummy,OLIDS_MASKED,REFERRAL_REQUEST,requester_organisation_id,18,TEXT
Data_Store_OLIDS_Dummy,OLIDS_MASKED,REFERRAL_REQUEST,recipient_organisation_id,19,TEXT
Data_Store_OLIDS_Dummy,OLIDS_MASKED,REFERRAL_REQUEST,referral_request_priority_concept_id,20,TEXT
Data_Store_OLIDS_Dummy,OLIDS_MASKED,REFERRAL_REQUEST,referal_request_type_concept_id,21,TEXT
Data_Store_OLIDS_Dummy,OLIDS_MASKED,REFERRAL_REQUEST,mode,22,TEXT
Data_Store_OLIDS_Dummy,OLIDS_MASKED,REFERRAL_REQUEST,is_outgoing_referral,23,BOOLEAN
Data_Store_OLIDS_Dummy,OLIDS_MASKED,REFERRAL_REQUEST,is_review,24,BOOLEAN
Data_Store_OLIDS_Dummy,OLIDS_MASKED,REFERRAL_REQUEST,referral_request_core_concept_id,25,TEXT
Data_Store_OLIDS_Dummy,OLIDS_MASKED,REFERRAL_REQUEST,referral_request_raw_concept_id,26,TEXT
Data_Store_OLIDS_Dummy,OLIDS_MASKED,REFERRAL_REQUEST,age_at_event,27,NUMBER
Data_Store_OLIDS_Dummy,OLIDS_MASKED,REFERRAL_REQUEST,age_at_event_baby,28,NUMBER
Data_Store_OLIDS_Dummy,OLIDS_MASKED,REFERRAL_REQUEST,age_at_event_neonate,29,NUMBER
Data_Store_OLIDS_Dummy,OLIDS_MASKED,REFERRAL_REQUEST,date_recorded,30,TIMESTAMP_NTZ
Data_Store_OLIDS_Dummy,OLIDS_MASKED,SCHEDULE,lds_id,1,TEXT
Data_Store_OLIDS_Dummy,OLIDS_MASKED,SCHEDULE,id,2,TEXT
Data_Store_OLIDS_Dummy,OLIDS_MASKED,SCHEDULE,lds_business_key,3,TEXT
Data_Store_OLIDS_Dummy,OLIDS_MASKED,SCHEDULE,lds_dataset_id,4,TEXT
Data_Store_OLIDS_Dummy,OLIDS_MASKED,SCHEDULE,lds_datetime_data_acquired,5,TIMESTAMP_NTZ
Data_Store_OLIDS_Dummy,OLIDS_MASKED,SCHEDULE,lds_start_date_time,6,TIMESTAMP_NTZ
Data_Store_OLIDS_Dummy,OLIDS_MASKED,SCHEDULE,record_owner_organisation_code,7,TEXT
Data_Store_OLIDS_Dummy,OLIDS_MASKED,SCHEDULE,location_id,8,TEXT
Data_Store_OLIDS_Dummy,OLIDS_MASKED,SCHEDULE,location,9,TEXT
Data_Store_OLIDS_Dummy,OLIDS_MASKED,SCHEDULE,practitioner_id,10,TEXT
Data_Store_OLIDS_Dummy,OLIDS_MASKED,SCHEDULE,start_date,11,TIMESTAMP_NTZ
Data_Store_OLIDS_Dummy,OLIDS_MASKED,SCHEDULE,end_date,12,TIMESTAMP_NTZ
Data_Store_OLIDS_Dummy,OLIDS_MASKED,SCHEDULE,type,13,TEXT
Data_Store_OLIDS_Dummy,OLIDS_MASKED,SCHEDULE,name,14,TEXT
Data_Store_OLIDS_Dummy,OLIDS_MASKED,SCHEDULE,is_private,15,BOOLEAN
Data_Store_OLIDS_Dummy,OLIDS_MASKED,SCHEDULE_PRACTITIONER,lds_id,1,TEXT
Data_Store_OLIDS_Dummy,OLIDS_MASKED,SCHEDULE_PRACTITIONER,id,2,TEXT
Data_Store_OLIDS_Dummy,OLIDS_MASKED,SCHEDULE_PRACTITIONER,lds_business_key,3,TEXT
Data_Store_OLIDS_Dummy,OLIDS_MASKED,SCHEDULE_PRACTITIONER,lds_dataset_id,4,TEXT
Data_Store_OLIDS_Dummy,OLIDS_MASKED,SCHEDULE_PRACTITIONER,record_owner_organisation_code,5,TEXT
Data_Store_OLIDS_Dummy,OLIDS_MASKED,SCHEDULE_PRACTITIONER,lds_datetime_data_acquired,6,TIMESTAMP_NTZ
Data_Store_OLIDS_Dummy,OLIDS_MASKED,SCHEDULE_PRACTITIONER,lds_start_date_time,7,TIMESTAMP_NTZ
Data_Store_OLIDS_Dummy,OLIDS_MASKED,SCHEDULE_PRACTITIONER,schedule_id,8,TEXT
Data_Store_OLIDS_Dummy,OLIDS_MASKED,SCHEDULE_PRACTITIONER,practitioner_id,9,TEXT
Data_Store_OLIDS_Dummy,OLIDS_TERMINOLOGY,CONCEPT,id,1,TEXT
Data_Store_OLIDS_Dummy,OLIDS_TERMINOLOGY,CONCEPT,lds_id,2,TEXT
Data_Store_OLIDS_Dummy,OLIDS_TERMINOLOGY,CONCEPT,lds_business_key,3,TEXT
Data_Store_OLIDS_Dummy,OLIDS_TERMINOLOGY,CONCEPT,lds_dataset_id,4,TEXT
Data_Store_OLIDS_Dummy,OLIDS_TERMINOLOGY,CONCEPT,system,5,TEXT
Data_Store_OLIDS_Dummy,OLIDS_TERMINOLOGY,CONCEPT,code,6,TEXT
Data_Store_OLIDS_Dummy,OLIDS_TERMINOLOGY,CONCEPT,display,7,TEXT
Data_Store_OLIDS_Dummy,OLIDS_TERMINOLOGY,CONCEPT,is_mapped,8,BOOLEAN
Data_Store_OLIDS_Dummy,OLIDS_TERMINOLOGY,CONCEPT,use_count,9,NUMBER
Data_Store_OLIDS_Dummy,OLIDS_TERMINOLOGY,CONCEPT,lds_start_date_time,10,TIMESTAMP_NTZ
Data_Store_OLIDS_Dummy,OLIDS_TERMINOLOGY,CONCEPT_MAP,id,1,TEXT
Data_Store_OLIDS_Dummy,OLIDS_TERMINOLOGY,CONCEPT_MAP,lds_id,2,TEXT
Data_Store_OLIDS_Dummy,OLIDS_TERMINOLOGY,CONCEPT_MAP,lds_business_key,3,TEXT
Data_Store_OLIDS_Dummy,OLIDS_TERMINOLOGY,CONCEPT_MAP,lds_dataset_id,4,TEXT
Data_Store_OLIDS_Dummy,OLIDS_TERMINOLOGY,CONCEPT_MAP,concept_map_id,5,TEXT
Data_Store_OLIDS_Dummy,OLIDS_TERMINOLOGY,CONCEPT_MAP,source_code_id,6,TEXT
Data_Store_OLIDS_Dummy,OLIDS_TERMINOLOGY,CONCEPT_MAP,target_code_id,7,TEXT
Data_Store_OLIDS_Dummy,OLIDS_TERMINOLOGY,CONCEPT_MAP,is_primary,8,BOOLEAN
Data_Store_OLIDS_Dummy,OLIDS_TERMINOLOGY,CONCEPT_MAP,equivalence,9,TEXT
Data_Store_OLIDS_Dummy,OLIDS_TERMINOLOGY,CONCEPT_MAP,lds_start_date_time,10,TIMESTAMP_NTZ
